{
	"class_name" : "PinholeCameraTrajectory",
	"extrinsic" : 
	[
		[
			0.98124043528359894,
			-0.030542396016629142,
			0.19035327738186375,
			0.0,
			0.017126505843988858,
			0.99727704904729941,
			0.071729842053962364,
			0.0,
			-0.19202575598608948,
			-0.067124134922350906,
			0.97909165022938327,
			0.0,
			-1.9477507640182974,
			-1.4513294215667758,
			0.87348819388789412,
			1.0
		]
	],
	"intrinsic" : 
	{
		"height" : 477,
		"intrinsic_matrix" : 
		[
			413.09411760517725,
			0.0,
			0.0,
			0.0,
			413.09411760517725,
			0.0,
			288.5,
			238.0,
			1.0
		],
		"width" : 578
	},
	"version_major" : 1,
	"version_minor" : 0
}